{
    "best_coil_phase": [
        6.020391941070557,
        0.24514338374137878,
        1.307770013809204,
        1.8707048892974854,
        2.5622661113739014,
        3.4106247425079346,
        4.270230770111084,
        4.866241931915283
    ],
    "best_coil_amplitude": [
        0.8068932294845581,
        1.0,
        1.0,
        1.0,
        1.0,
        0.9737900495529175,
        0.9407215118408203,
        0.797626256942749
    ],
    "best_coil_config_cost": 2.9918699264526367,
    "default_coil_config_cost": 2.079969882965088,
    "cost_improvement_absolute": -0.9119000434875488,
    "cost_improvement_relative": 0.43841981887817383,
    "cost_function_name": "B1HomogeneityCost",
    "cost_function_direction": "maximize",
    "simulation_data": "children_3_tubes_10_id_6299"
}