{
    "best_coil_phase": [
        5.843573570251465,
        3.7450239658355713,
        5.62484073638916,
        5.774018287658691,
        5.26725435256958,
        5.558727741241455,
        0.7796869874000549,
        1.1232633590698242
    ],
    "best_coil_amplitude": [
        0.0,
        0.5369720458984375,
        0.34162580966949463,
        0.6263121366500854,
        1.0,
        0.634297251701355,
        0.6792417764663696,
        1.0
    ],
    "best_coil_config_cost": 3.942001419866997,
    "default_coil_config_cost": 2.0985937757328617,
    "cost_improvement_absolute": -1.8434076441341354,
    "cost_improvement_relative": 0.878401368311687,
    "cost_function_name": "B1HomogeneitySARCost",
    "cost_function_direction": "maximize",
    "simulation_data": "children_3_tubes_10_id_6299"
}