{
    "best_coil_phase": [
        2.345125301785201,
        5.133756390336824,
        5.507773909005322,
        5.949662356293853,
        1.196573115364918,
        1.6529122224319983,
        0.03946434770388773,
        2.512070113577061
    ],
    "best_coil_amplitude": [
        0.5847808545645423,
        0.8873185861911964,
        0.9560472430011254,
        0.4413514644189036,
        0.5945335747500486,
        0.2994572420137368,
        0.9559334618711922,
        0.027661831119561997
    ],
    "best_coil_config_cost": 1.7442010641098022,
    "default_coil_config_cost": 2.1242988109588623,
    "cost_improvement_absolute": 0.38009774684906006,
    "cost_improvement_relative": -0.17892856895923615,
    "cost_function_name": "B1HomogeneityCost",
    "cost_function_direction": "maximize",
    "simulation_data": "children_1_tubes_2_id_23848"
}